hazard_class,overlap_km
NonWildland,13908.787465315316
Very High,7126.069249952414
High,6876.888507280053
Moderate,6286.2333485919635
